{"cameraMode":{"drawMode":0,"name":"Shaded","section":"Shading Mode"},"sceneLighting":true,"audioPlay":false,"sceneViewState":{"showFog":true,"showMaterialUpdate":true,"showSkybox":true,"showFlares":true,"showImageEffects":true,"showParticleSystems":true,"showVisualEffectGraphs":true,"m_FxEnabled":true},"in2DMode":false,"pivot":{"x":8.318949699401856,"y":-2.7608628273010256,"z":13.48750114440918},"rotation":{"x":0.15797771513462068,"y":0.09021376073360443,"z":-0.014487426728010178,"w":0.9832358360290527},"size":6.886214256286621,"orthographic":false}