{"cameraMode":{"drawMode":0,"name":"Shaded","section":"Shading Mode"},"sceneLighting":true,"audioPlay":false,"sceneViewState":{"showFog":true,"showMaterialUpdate":true,"showSkybox":true,"showFlares":true,"showImageEffects":true,"showParticleSystems":true,"showVisualEffectGraphs":true,"m_FxEnabled":true},"in2DMode":false,"pivot":{"x":-2.513406753540039,"y":-1.6242828369140626,"z":-2.7317123413085939},"rotation":{"x":0.004288731142878532,"y":-0.9403983354568481,"z":0.33987531065940859,"w":0.011853407137095929},"size":15.10245132446289,"orthographic":false}