{"cameraMode":{"drawMode":0,"name":"Shaded","section":"Shading Mode"},"sceneLighting":true,"audioPlay":false,"sceneViewState":{"showFog":true,"showMaterialUpdate":true,"showSkybox":true,"showFlares":true,"showImageEffects":true,"showParticleSystems":true,"showVisualEffectGraphs":true,"m_FxEnabled":true},"in2DMode":false,"pivot":{"x":0.35763096809387209,"y":-2.291365623474121,"z":0.9515318870544434},"rotation":{"x":-0.4532162547111511,"y":-0.054225750267505649,"z":0.02764333039522171,"w":-0.8893340826034546},"size":10.782055854797364,"orthographic":false}